{
    "src/addons/F4/UserApiKey/addon.json": "e92b27d8f856f0c5e0db694c69008fb5eb93f91f9d14ea96b1a056a5ea022953",
    "src/addons/F4/UserApiKey/XF/Pub/Controller/Account.php": "1b781dcb076870a10775126d8f8577e7d81aa81f2fafa5966bff359e015f4107",
    "src/addons/F4/UserApiKey/_data/activity_summary_definitions.xml": "99d8c2563a31320d66f958fc8bda78613545f5f7959bb3cf5318805e3a3c39d2",
    "src/addons/F4/UserApiKey/_data/admin_navigation.xml": "064ec797484ac00d5ee37367b50b06846d11f480d00550997712707f8fdac8c0",
    "src/addons/F4/UserApiKey/_data/admin_permission.xml": "ec6fb97cebf0bceb24f1ed1d5778c1db54eeb7535fbb3e31d824840e7aa9ff87",
    "src/addons/F4/UserApiKey/_data/advertising_positions.xml": "d2f7cbe844bb1df3cf878d22ff6306249245c8ff6b0b87b9b729744bec538261",
    "src/addons/F4/UserApiKey/_data/api_scopes.xml": "6793eaf758f140e8137187ba20e65f4faccf53410433ae3ad7a8b3b38cb6b3b7",
    "src/addons/F4/UserApiKey/_data/bb_codes.xml": "faa4ddd5f4a365e5ac39aebdcbe2d25aedf74e7eb9ea4a812766e2fd5e13bdb1",
    "src/addons/F4/UserApiKey/_data/bb_code_media_sites.xml": "29762987990187b33e43cfb68c08dc917b2d3f0176613d78f8e6c453f82da3f3",
    "src/addons/F4/UserApiKey/_data/class_extensions.xml": "ee3c8a218b45b828da0c5458b342dd58927975e1e78f0b5f861b2a1160790afc",
    "src/addons/F4/UserApiKey/_data/code_events.xml": "8370dec3df47f91df4cf79da253446ad11b29f4ea568fe76c774e97a0379f0eb",
    "src/addons/F4/UserApiKey/_data/code_event_listeners.xml": "d6b5072f4909dee7a20ee9e44b163f95c8aa52e6ac7f573e292000cd9238c331",
    "src/addons/F4/UserApiKey/_data/content_type_fields.xml": "c7ad5472b28f465b7ac7617627707eba1b7a39d28089460d52e1ed292fc0b06a",
    "src/addons/F4/UserApiKey/_data/cron.xml": "323c4284742ef24329cd6db6f288eb9736d2353f36852e1db12591e1583aea26",
    "src/addons/F4/UserApiKey/_data/help_pages.xml": "a8a0c0b06cdc550438bc8a8d385af3e1e5ab3459877dfb934c1c31be59c89163",
    "src/addons/F4/UserApiKey/_data/member_stats.xml": "89fb2b93ff1eca7a1f6f752248edf6090dfd24037db1446fd18ff7143f08124d",
    "src/addons/F4/UserApiKey/_data/navigation.xml": "f75e1c03a45a360bbdfcd0567121665082315068475d5b0feb8b1acbb1688651",
    "src/addons/F4/UserApiKey/_data/options.xml": "d517baa7823f695f45f48b7dddabb3bb74e048d97faced4de439bb3fcec026ce",
    "src/addons/F4/UserApiKey/_data/option_groups.xml": "ef49c91d8b2068cbfc6f14c52bcd9255f5f4f76bbb566b41555a64215e7d2a6c",
    "src/addons/F4/UserApiKey/_data/permissions.xml": "7e4fc7d5826733d15ea2d8936b9bdd41afcaad810eb38e50da3c8d8eafda1550",
    "src/addons/F4/UserApiKey/_data/permission_interface_groups.xml": "3177224e96458b829aa7fb24866dda9e0455a4922aee3d669b53f59a1ffdf5d1",
    "src/addons/F4/UserApiKey/_data/phrases.xml": "f91a9088f38abfe02d10395d9f6a4ec846896521e418d443df2c422d9beae8b8",
    "src/addons/F4/UserApiKey/_data/routes.xml": "63b6fbe5e1db82575fb99130e731c9d9b40cf96a0eb5c09b697df7422afd75c9",
    "src/addons/F4/UserApiKey/_data/style_properties.xml": "8b8690a8512f01f219dd2da76e3d0c5f62afc1f317b87794a7331c859c36a7a8",
    "src/addons/F4/UserApiKey/_data/style_property_groups.xml": "68e1879cb3846c42d978487aa8d5145ff3335fc39e58016878824d5cf3fd684c",
    "src/addons/F4/UserApiKey/_data/templates.xml": "1e5210bfb8e30b6ea984e5ab77187ed4642eb8dfefed6f03b34b89010f0c2344",
    "src/addons/F4/UserApiKey/_data/template_modifications.xml": "96d7f921c67e38c107cbc379261ce019815a590a8fb4679baba0d702295a7524",
    "src/addons/F4/UserApiKey/_data/widget_definitions.xml": "37e46965256430f24004c2e7f08ba08f9b0d1cbcc4d70e84b3f4e3ffb713e64b",
    "src/addons/F4/UserApiKey/_data/widget_positions.xml": "a29cee66134f6bc5d75ed9df1eef21096c24401915c5b5c774389c3d7bb2d5b3"
}